{
  "accuracy": 0.9002493765586035,
  "auc_roc": 0.9746168102584652
}