{
  "accuracy": 0.9077306733167082,
  "auc_roc": 0.9724861739567622
}