{
  "accuracy": 0.9177057356608479,
  "auc_roc": 0.9752752752752752
}